type,time_right
in,3.8384287357330322
out,6.517843008041382
in,9.293898820877075
out,12.246531009674072
in,15.790426969528198
out,18.861915588378906
in,22.079015731811523
out,24.90240502357483
