type,time_right
in,2.77046537399292
out,5.657773733139038
in,8.226385116577148
out,11.122009515762329
in,13.778761148452759
out,16.441943883895874
in,18.98690700531006
out,21.242887496948242
in,23.450852394104004
