type,time_right
in,2.4943225383758545
out,5.190769910812378
in,8.566360712051392
out,10.766120433807373
in,13.342880249023438
out,16.038409948349
in,18.51812243461609
out,21.166354417800903
in,23.383025646209717
